Titre,Prix,Lien,Image,Carburant,Transmission,État
Occasion à ne pas rater,Prix : 71 000 DT,https://www.auto-plus.tn/voitures-d-occasion/a_vendre/occasion-a-ne-pas-rater-23229,https://www.auto-plus.tn/assets/modules/usedcars/23229/thumbs/th_occasion-a-ne-pas-rater_used_01742231587.jpeg,Essence,Automatique,Etat : Neuf
Peugeot 3008 Premium Blanc Nacré,Prix : 40 000 DT,https://www.auto-plus.tn/voitures-d-occasion/a_vendre/peugeot-3008-premium-blanc-nacre-23228,https://www.auto-plus.tn/assets/modules/usedcars/23228/thumbs/th_peugeot-3008-premium-blanc-nacre_used_01742210763.jpeg,Essence,Manuelle,Etat : Excellent
207 Peugeot,Prix : 26 000 DT,https://www.auto-plus.tn/voitures-d-occasion/a_vendre/207-peugeot-23227,https://www.auto-plus.tn/assets/modules/usedcars/23227/thumbs/th_207-peugeot_used_01741816895.jpeg,Diesel,Manuelle,Etat : Très bon
"SUV - Volvo XC60 finition R-Design , tout option , en excellent etat",Prix : 45 000 DT,https://www.auto-plus.tn/voitures-d-occasion/a_vendre/suv-volvo-xc60-finition-r-design-tout-option-en-excellent-etat-23226,https://www.auto-plus.tn/assets/modules/usedcars/23226/thumbs/th_suv-volvo-xc60-finition-r-design-tout-option-en-excellent-etat_used_01740710023.jpeg,Essence,Automatique,Etat : Excellent
Belle Ford kuga,Prix : 73 000 DT,https://www.auto-plus.tn/voitures-d-occasion/a_vendre/belle-ford-kuga-23224,https://www.auto-plus.tn/assets/modules/usedcars/23224/thumbs/th_belle-ford-kuga_used_01740254835.jpeg,Essence,Manuelle,Etat : Excellent
"Belle occasion. 1ère main, avec historique des visites chez Giat",Prix : 28 000 DT,https://www.auto-plus.tn/voitures-d-occasion/a_vendre/belle-occasion-1ere-main-avec-historique-des-visites-chez-giat-23223,https://www.auto-plus.tn/assets/modules/usedcars/23223/thumbs/th_belle-occasion-1ere-main-avec-historique-des-visites-chez-giat_used_01739199084.jpeg,Essence,Manuelle,Etat : Bon
TIGGO 7 PRO,Prix : 93 000 DT,https://www.auto-plus.tn/voitures-d-occasion/a_vendre/tiggo-7-pro-23222,https://www.auto-plus.tn/assets/modules/usedcars/23222/thumbs/th_tiggo-7-pro_used_01739189974.jpeg,Essence,Automatique,Etat : D\'origine
Peugeot 3008,Non spécifié,https://www.auto-plus.tn/voitures-d-occasion/a_vendre/peugeot-3008-23221,https://www.auto-plus.tn/assets/modules/usedcars/23221/thumbs/th_peugeot-3008_used_01738494934.jpeg,Diesel,Manuelle,Etat : Bon
À vendre Toyota RAV 4 occasion en très bon état,Prix : 56 000 DT,https://www.auto-plus.tn/voitures-d-occasion/a_vendre/a-vendre-toyota-rav-4-occasion-en-tres-bon-etat-23220,https://www.auto-plus.tn/assets/modules/usedcars/23220/thumbs/th__used_01738159230.png,Essence,Automatique,Etat : Excellent
Peugeot 308 en excellent etat Fin 2012,Prix : 24 000 DT,https://www.auto-plus.tn/voitures-d-occasion/a_vendre/peugeot-308-en-excellent-etat-fin-2012-23219,https://www.auto-plus.tn/assets/modules/usedcars/23219/thumbs/th_peugeot-308-en-excellent-etat-fin-2012_used_01737900551.jpeg,Diesel,Manuelle,Etat : Très bon
